source,relation,target
paper_1,AUTHORED_BY,Ninghao Liu
paper_1,AUTHORED_BY,Yong Ge
paper_1,AUTHORED_BY,Li Li
paper_1,AUTHORED_BY,X. Hu
paper_1,AUTHORED_BY,Rui Chen
paper_1,AUTHORED_BY,Soo-Hyun Choi
paper_1,USES_METHOD,attention
paper_1,USES_METHOD,autoencoder
paper_1,USES_METHOD,encoder-decoder
paper_1,USES_METHOD,representation learning
paper_1,BELONGS_TO_DOMAIN,movie
paper_1,BELONGS_TO_DOMAIN,recommendation
paper_1,BELONGS_TO_DOMAIN,restaurant
paper_1,BELONGS_TO_DOMAIN,vision
paper_1,GENERATES_EXPLANATION_TYPE,attention
paper_1,GENERATES_EXPLANATION_TYPE,explainability
paper_1,GENERATES_EXPLANATION_TYPE,explanation
paper_1,GENERATES_EXPLANATION_TYPE,interpretability
paper_1,GENERATES_EXPLANATION_TYPE,transparency
paper_1,USES_DATASET,movielens
paper_1,USES_DATASET,yelp
paper_1,EVALUATED_BY,accuracy
paper_1,EVALUATED_BY,recall
paper_2,AUTHORED_BY,Vito Bellini
paper_2,AUTHORED_BY,Angelo Schiavone
paper_2,AUTHORED_BY,T. D. Noia
paper_2,AUTHORED_BY,Azzurra Ragone
paper_2,AUTHORED_BY,E. Sciascio
paper_2,USES_METHOD,autoencoder
paper_2,BELONGS_TO_DOMAIN,code
paper_2,BELONGS_TO_DOMAIN,movie
paper_2,BELONGS_TO_DOMAIN,recommendation
paper_2,GENERATES_EXPLANATION_TYPE,attention
paper_2,USES_DATASET,movielens
paper_2,EVALUATED_BY,accuracy
paper_3,AUTHORED_BY,Roan Schellingerhout
paper_3,USES_METHOD,attention
paper_3,USES_METHOD,fine-tune
paper_3,USES_METHOD,gnn
paper_3,USES_METHOD,gpt
paper_3,USES_METHOD,graph neural network
paper_3,USES_METHOD,supervised
paper_3,USES_METHOD,transformer
paper_3,USES_METHOD,zero-shot
paper_3,BELONGS_TO_DOMAIN,environment
paper_3,BELONGS_TO_DOMAIN,recommendation
paper_3,GENERATES_EXPLANATION_TYPE,attention
paper_3,GENERATES_EXPLANATION_TYPE,attention weight
paper_3,GENERATES_EXPLANATION_TYPE,explainability
paper_3,GENERATES_EXPLANATION_TYPE,transparency
paper_4,AUTHORED_BY,Shuyu Guo
paper_4,AUTHORED_BY,Shuo Zhang
paper_4,AUTHORED_BY,Weiwei Sun
paper_4,AUTHORED_BY,Pengjie Ren
paper_4,AUTHORED_BY,Zhumin Chen
paper_4,AUTHORED_BY,Z. Ren
paper_4,USES_METHOD,davinci
paper_4,USES_METHOD,flan
paper_4,USES_METHOD,gpt
paper_4,USES_METHOD,prompt
paper_4,USES_METHOD,t5
paper_4,BELONGS_TO_DOMAIN,code
paper_4,BELONGS_TO_DOMAIN,conversation
paper_4,BELONGS_TO_DOMAIN,dialogue
paper_4,BELONGS_TO_DOMAIN,movie
paper_4,BELONGS_TO_DOMAIN,recommendation
paper_4,GENERATES_EXPLANATION_TYPE,counterfactual
paper_4,GENERATES_EXPLANATION_TYPE,explainability
paper_4,GENERATES_EXPLANATION_TYPE,explanation
paper_4,USES_DATASET,e-redial
paper_4,USES_DATASET,redial
paper_4,EVALUATED_BY,accuracy
paper_4,EVALUATED_BY,bleu
paper_4,EVALUATED_BY,f1
paper_4,EVALUATED_BY,meteor
paper_5,AUTHORED_BY,Xu Chen
paper_5,AUTHORED_BY,Yongfeng Zhang
paper_5,AUTHORED_BY,Jingxuan Wen
paper_5,BELONGS_TO_DOMAIN,finance
paper_5,BELONGS_TO_DOMAIN,health
paper_5,BELONGS_TO_DOMAIN,history
paper_5,BELONGS_TO_DOMAIN,recommendation
paper_5,BELONGS_TO_DOMAIN,review
paper_5,BELONGS_TO_DOMAIN,vision
paper_5,GENERATES_EXPLANATION_TYPE,attention
paper_5,GENERATES_EXPLANATION_TYPE,counterfactual
paper_5,GENERATES_EXPLANATION_TYPE,explainability
paper_5,GENERATES_EXPLANATION_TYPE,transparency
paper_5,USES_DATASET,yelp
paper_5,EVALUATED_BY,accuracy
paper_5,EVALUATED_BY,bleu
paper_5,EVALUATED_BY,ndcg
paper_5,EVALUATED_BY,precision
paper_5,EVALUATED_BY,recall
paper_5,EVALUATED_BY,rouge
paper_6,AUTHORED_BY,Jianxun Lian
paper_6,AUTHORED_BY,Yuxuan Lei
paper_6,AUTHORED_BY,Xu Huang
paper_6,AUTHORED_BY,Jing Yao
paper_6,AUTHORED_BY,Wei Xu
paper_6,AUTHORED_BY,Xing Xie
paper_6,USES_METHOD,davinci
paper_6,USES_METHOD,gpt
paper_6,USES_METHOD,llama
paper_6,BELONGS_TO_DOMAIN,code
paper_6,BELONGS_TO_DOMAIN,conversation
paper_6,BELONGS_TO_DOMAIN,dialogue
paper_6,BELONGS_TO_DOMAIN,multimodal
paper_6,BELONGS_TO_DOMAIN,recommendation
paper_6,BELONGS_TO_DOMAIN,vision
paper_6,GENERATES_EXPLANATION_TYPE,explainability
paper_6,GENERATES_EXPLANATION_TYPE,feature
paper_6,GENERATES_EXPLANATION_TYPE,interpretability
paper_6,EVALUATED_BY,accuracy
paper_6,EVALUATED_BY,ndcg
paper_6,EVALUATED_BY,recall
paper_7,AUTHORED_BY,Yunfan Gao
paper_7,AUTHORED_BY,Tao Sheng
paper_7,AUTHORED_BY,Youlin Xiang
paper_7,AUTHORED_BY,Yun Xiong
paper_7,AUTHORED_BY,Haofen Wang
paper_7,AUTHORED_BY,Jiawei Zhang
paper_7,USES_METHOD,davinci
paper_7,USES_METHOD,gpt
paper_7,USES_METHOD,prompt
paper_7,BELONGS_TO_DOMAIN,code
paper_7,BELONGS_TO_DOMAIN,conversation
paper_7,BELONGS_TO_DOMAIN,dialogue
paper_7,BELONGS_TO_DOMAIN,history
paper_7,BELONGS_TO_DOMAIN,movie
paper_7,BELONGS_TO_DOMAIN,recommendation
paper_7,BELONGS_TO_DOMAIN,social
paper_7,BELONGS_TO_DOMAIN,social media
paper_7,GENERATES_EXPLANATION_TYPE,explainability
paper_7,GENERATES_EXPLANATION_TYPE,interpretability
paper_7,USES_DATASET,movielens
paper_7,EVALUATED_BY,mae
paper_7,EVALUATED_BY,ndcg
paper_7,EVALUATED_BY,precision
paper_7,EVALUATED_BY,recall
paper_7,EVALUATED_BY,rmse
paper_8,AUTHORED_BY,Hanqi Yan
paper_8,AUTHORED_BY,Lin Gui
paper_8,AUTHORED_BY,Menghan Wang
paper_8,AUTHORED_BY,Kun Zhang
paper_8,AUTHORED_BY,Yulan He
paper_8,USES_METHOD,attention
paper_8,USES_METHOD,autoencoder
paper_8,USES_METHOD,cnn
paper_8,USES_METHOD,encoder-decoder
paper_8,USES_METHOD,graph neural network
paper_8,USES_METHOD,vae
paper_8,BELONGS_TO_DOMAIN,code
paper_8,BELONGS_TO_DOMAIN,recommendation
paper_8,BELONGS_TO_DOMAIN,review
paper_8,GENERATES_EXPLANATION_TYPE,attention
paper_8,GENERATES_EXPLANATION_TYPE,explanation
paper_8,GENERATES_EXPLANATION_TYPE,interpretability
paper_8,USES_DATASET,amazon
paper_8,EVALUATED_BY,accuracy
paper_8,EVALUATED_BY,mae
paper_8,EVALUATED_BY,map
paper_8,EVALUATED_BY,mse
paper_8,EVALUATED_BY,ndcg
paper_8,EVALUATED_BY,precision
paper_8,EVALUATED_BY,recall
paper_8,EVALUATED_BY,rmse
paper_9,AUTHORED_BY,Luke Friedman
paper_9,AUTHORED_BY,Sameer Ahuja
paper_9,AUTHORED_BY,David Allen
paper_9,AUTHORED_BY,Zhenning Tan
paper_9,AUTHORED_BY,Hakim Sidahmed
paper_9,AUTHORED_BY,Changbo Long
paper_9,AUTHORED_BY,Jun Xie
paper_9,AUTHORED_BY,Gabriel Schubiner
paper_9,AUTHORED_BY,Ajay Patel
paper_9,AUTHORED_BY,Harsh Lara
paper_9,AUTHORED_BY,Brian Chu
paper_9,AUTHORED_BY,Zexiang Chen
paper_9,AUTHORED_BY,Manoj Tiwari
paper_9,USES_METHOD,few-shot
paper_9,USES_METHOD,reinforcement learning
paper_9,USES_METHOD,supervised
paper_9,BELONGS_TO_DOMAIN,conversation
paper_9,BELONGS_TO_DOMAIN,dialogue
paper_9,BELONGS_TO_DOMAIN,history
paper_9,BELONGS_TO_DOMAIN,multimodal
paper_9,BELONGS_TO_DOMAIN,policy
paper_9,BELONGS_TO_DOMAIN,recommendation
paper_9,BELONGS_TO_DOMAIN,vision
paper_9,GENERATES_EXPLANATION_TYPE,explainability
paper_10,AUTHORED_BY,Ziheng Chen
paper_10,AUTHORED_BY,Fabrizio Silvestri
paper_10,AUTHORED_BY,Jia Wang
paper_10,AUTHORED_BY,Yongfeng Zhang
paper_10,AUTHORED_BY,Gabriele Tolomei
paper_10,BELONGS_TO_DOMAIN,recommendation
paper_10,GENERATES_EXPLANATION_TYPE,counterfactual
paper_10,GENERATES_EXPLANATION_TYPE,explainability
paper_10,GENERATES_EXPLANATION_TYPE,explanation
paper_10,GENERATES_EXPLANATION_TYPE,transparency
paper_10,USES_DATASET,movielens
paper_10,EVALUATED_BY,precision
paper_11,AUTHORED_BY,Alexander Felfernig
paper_11,AUTHORED_BY,Manfred Wundara
paper_11,AUTHORED_BY,Thi Ngoc Trang Tran
paper_11,AUTHORED_BY,Seda Polat-Erdeniz
paper_11,AUTHORED_BY,Sebastian Lubos
paper_11,AUTHORED_BY,Merfat El Mansi
paper_11,AUTHORED_BY,Damian Garber
paper_11,AUTHORED_BY,Viet-Man Le
paper_11,BELONGS_TO_DOMAIN,climate
paper_11,BELONGS_TO_DOMAIN,food
paper_11,BELONGS_TO_DOMAIN,news
paper_11,BELONGS_TO_DOMAIN,recommendation
paper_12,AUTHORED_BY,Mouadh Guesmi
paper_12,AUTHORED_BY,Mohamed Amine Chatti
paper_12,AUTHORED_BY,Shoeb Joarder
paper_12,AUTHORED_BY,Qurat Ul Ain
paper_12,AUTHORED_BY,R. Alatrash
paper_12,AUTHORED_BY,Clara Siepmann
paper_12,AUTHORED_BY,Tannaz Vahidi
paper_12,USES_METHOD,lstm
paper_12,USES_METHOD,transformer
paper_12,USES_METHOD,unsupervised
paper_12,BELONGS_TO_DOMAIN,audio
paper_12,BELONGS_TO_DOMAIN,code
paper_12,BELONGS_TO_DOMAIN,conversation
paper_12,BELONGS_TO_DOMAIN,music
paper_12,BELONGS_TO_DOMAIN,recommendation
paper_12,BELONGS_TO_DOMAIN,social
paper_12,BELONGS_TO_DOMAIN,social media
paper_12,GENERATES_EXPLANATION_TYPE,attention
paper_12,GENERATES_EXPLANATION_TYPE,counterfactual
paper_12,GENERATES_EXPLANATION_TYPE,explainability
paper_12,GENERATES_EXPLANATION_TYPE,explanation
paper_12,GENERATES_EXPLANATION_TYPE,feature
paper_13,AUTHORED_BY,Yingqiang Ge
paper_13,AUTHORED_BY,Shuchang Liu
paper_13,AUTHORED_BY,Zuohui Fu
paper_13,AUTHORED_BY,Juntao Tan
paper_13,AUTHORED_BY,Zelong Li
paper_13,AUTHORED_BY,Shuyuan Xu
paper_13,AUTHORED_BY,Yunqi Li
paper_13,AUTHORED_BY,Yikun Xian
paper_13,AUTHORED_BY,Yongfeng Zhang
paper_14,AUTHORED_BY,Giacomo Balloccu
paper_14,AUTHORED_BY,Ludovico Boratto
paper_14,AUTHORED_BY,G. Fenu
paper_14,AUTHORED_BY,Mirko Marras
paper_14,BELONGS_TO_DOMAIN,code
paper_14,BELONGS_TO_DOMAIN,movie
paper_14,BELONGS_TO_DOMAIN,policy
paper_14,BELONGS_TO_DOMAIN,recommendation
paper_14,GENERATES_EXPLANATION_TYPE,explainability
paper_14,GENERATES_EXPLANATION_TYPE,explanation
paper_14,USES_DATASET,movielens
paper_14,EVALUATED_BY,accuracy
paper_14,EVALUATED_BY,ndcg
paper_15,AUTHORED_BY,Qiyao Peng
paper_15,AUTHORED_BY,Hongtao Liu
paper_15,AUTHORED_BY,Hua Huang
paper_15,AUTHORED_BY,Qing Yang
paper_15,AUTHORED_BY,Minglai Shao
paper_15,USES_METHOD,prompting
paper_15,BELONGS_TO_DOMAIN,dialogue
paper_15,BELONGS_TO_DOMAIN,game
paper_15,BELONGS_TO_DOMAIN,gaming
paper_15,BELONGS_TO_DOMAIN,history
paper_15,BELONGS_TO_DOMAIN,movie
paper_15,BELONGS_TO_DOMAIN,music
paper_15,BELONGS_TO_DOMAIN,recommendation
paper_15,BELONGS_TO_DOMAIN,restaurant
paper_15,BELONGS_TO_DOMAIN,review
paper_15,BELONGS_TO_DOMAIN,social
paper_15,BELONGS_TO_DOMAIN,social media
paper_15,GENERATES_EXPLANATION_TYPE,attention
paper_15,GENERATES_EXPLANATION_TYPE,explainability
paper_15,GENERATES_EXPLANATION_TYPE,interpretability
paper_15,USES_DATASET,amazon
paper_15,USES_DATASET,movielens
paper_15,USES_DATASET,reddit
paper_15,USES_DATASET,redial
paper_15,USES_DATASET,yelp
paper_15,EVALUATED_BY,accuracy
paper_15,EVALUATED_BY,bleu
paper_15,EVALUATED_BY,f1
paper_15,EVALUATED_BY,f1-score
paper_15,EVALUATED_BY,map
paper_15,EVALUATED_BY,ndcg
paper_15,EVALUATED_BY,precision
paper_15,EVALUATED_BY,recall
paper_15,EVALUATED_BY,rouge
paper_16,AUTHORED_BY,Y. Lin
paper_16,AUTHORED_BY,Yong Liu
paper_16,AUTHORED_BY,Fan Lin
paper_16,AUTHORED_BY,Lixin Zou
paper_16,AUTHORED_BY,Pengcheng Wu
paper_16,AUTHORED_BY,Wenhua Zeng
paper_16,AUTHORED_BY,Huanhuan Chen
paper_16,AUTHORED_BY,C. Miao
paper_16,USES_METHOD,attention
paper_16,USES_METHOD,fine-tune
paper_16,USES_METHOD,gru
paper_16,USES_METHOD,lstm
paper_16,USES_METHOD,reinforcement learning
paper_16,USES_METHOD,rnn
paper_16,USES_METHOD,supervised
paper_16,BELONGS_TO_DOMAIN,conversation
paper_16,BELONGS_TO_DOMAIN,dialogue
paper_16,BELONGS_TO_DOMAIN,environment
paper_16,BELONGS_TO_DOMAIN,history
paper_16,BELONGS_TO_DOMAIN,policy
paper_16,BELONGS_TO_DOMAIN,recommendation
paper_16,BELONGS_TO_DOMAIN,review
paper_16,BELONGS_TO_DOMAIN,social
paper_16,GENERATES_EXPLANATION_TYPE,attention
paper_16,GENERATES_EXPLANATION_TYPE,interpretability
paper_16,GENERATES_EXPLANATION_TYPE,kg
paper_16,EVALUATED_BY,accuracy
paper_17,AUTHORED_BY,Yao Zhou
paper_17,AUTHORED_BY,Haonan Wang
paper_17,AUTHORED_BY,Jingrui He
paper_17,AUTHORED_BY,Haixun Wang
paper_17,USES_METHOD,attention
paper_17,USES_METHOD,gan
paper_17,BELONGS_TO_DOMAIN,business
paper_17,BELONGS_TO_DOMAIN,code
paper_17,BELONGS_TO_DOMAIN,movie
paper_17,BELONGS_TO_DOMAIN,recommendation
paper_17,BELONGS_TO_DOMAIN,review
paper_17,BELONGS_TO_DOMAIN,vision
paper_17,BELONGS_TO_DOMAIN,youtube
paper_17,GENERATES_EXPLANATION_TYPE,attention
paper_17,GENERATES_EXPLANATION_TYPE,attention weight
paper_17,GENERATES_EXPLANATION_TYPE,counterfactual
paper_17,GENERATES_EXPLANATION_TYPE,explainability
paper_17,GENERATES_EXPLANATION_TYPE,explanation
paper_17,GENERATES_EXPLANATION_TYPE,feature
paper_17,GENERATES_EXPLANATION_TYPE,intrinsic
paper_17,GENERATES_EXPLANATION_TYPE,post-hoc
paper_17,GENERATES_EXPLANATION_TYPE,rationale
paper_17,GENERATES_EXPLANATION_TYPE,saliency
paper_17,GENERATES_EXPLANATION_TYPE,transparency
paper_17,USES_DATASET,amazon
paper_17,EVALUATED_BY,cer
paper_17,EVALUATED_BY,f1
paper_17,EVALUATED_BY,ndcg
paper_17,EVALUATED_BY,precision
paper_17,EVALUATED_BY,recall
paper_18,AUTHORED_BY,Riccardo Porcedda
paper_18,GENERATES_EXPLANATION_TYPE,explainability
paper_18,GENERATES_EXPLANATION_TYPE,explanation
paper_18,GENERATES_EXPLANATION_TYPE,feature
paper_18,GENERATES_EXPLANATION_TYPE,interpretability
paper_18,GENERATES_EXPLANATION_TYPE,shap
paper_18,GENERATES_EXPLANATION_TYPE,transparency
paper_18,EVALUATED_BY,accuracy
paper_18,EVALUATED_BY,auc
paper_19,AUTHORED_BY,Roan Schellingerhout
paper_19,AUTHORED_BY,Francesco Barile
paper_19,AUTHORED_BY,N. Tintarev
paper_19,BELONGS_TO_DOMAIN,finance
paper_19,BELONGS_TO_DOMAIN,recommendation
paper_19,GENERATES_EXPLANATION_TYPE,attention
paper_19,GENERATES_EXPLANATION_TYPE,explainability
paper_19,GENERATES_EXPLANATION_TYPE,explanation
paper_19,GENERATES_EXPLANATION_TYPE,feature
paper_19,GENERATES_EXPLANATION_TYPE,feature attribution
paper_19,GENERATES_EXPLANATION_TYPE,saliency
paper_19,EVALUATED_BY,map
paper_19,EVALUATED_BY,ndcg
paper_20,AUTHORED_BY,Tsung-Hao Huang
paper_20,AUTHORED_BY,Tarek Junied
paper_20,AUTHORED_BY,Marco Pegoraro
paper_20,AUTHORED_BY,W. M. Aalst
paper_20,BELONGS_TO_DOMAIN,code
paper_20,BELONGS_TO_DOMAIN,recommendation
paper_20,EVALUATED_BY,precision
paper_21,AUTHORED_BY,Yao Rong
paper_21,AUTHORED_BY,Tobias Leemann
paper_21,AUTHORED_BY,Thai-trang Nguyen
paper_21,AUTHORED_BY,Lisa Fiedler
paper_21,AUTHORED_BY,Peizhu Qian
paper_21,AUTHORED_BY,Vaibhav Unhelkar
paper_21,AUTHORED_BY,Tina Seidel
paper_21,AUTHORED_BY,Gjergji Kasneci
paper_21,AUTHORED_BY,Enkelejda Kasneci
paper_21,USES_METHOD,prompt
paper_21,BELONGS_TO_DOMAIN,code
paper_21,BELONGS_TO_DOMAIN,finance
paper_21,BELONGS_TO_DOMAIN,medical
paper_21,BELONGS_TO_DOMAIN,multimodal
paper_21,BELONGS_TO_DOMAIN,recommendation
paper_21,GENERATES_EXPLANATION_TYPE,attention
paper_21,GENERATES_EXPLANATION_TYPE,counterfactual
paper_21,GENERATES_EXPLANATION_TYPE,explainability
paper_21,GENERATES_EXPLANATION_TYPE,explanation
paper_21,GENERATES_EXPLANATION_TYPE,feature
paper_21,GENERATES_EXPLANATION_TYPE,interpretability
paper_21,GENERATES_EXPLANATION_TYPE,transparency
paper_21,EVALUATED_BY,accuracy
paper_22,AUTHORED_BY,Feng Xia
paper_22,AUTHORED_BY,Ciyuan Peng
paper_22,AUTHORED_BY,Jing Ren
paper_22,AUTHORED_BY,F. Febrinanto
paper_22,AUTHORED_BY,Renqiang Luo
paper_22,AUTHORED_BY,Vidya Saikrishna
paper_22,AUTHORED_BY,Shuo Yu
paper_22,AUTHORED_BY,Xiangjie Kong
paper_22,USES_METHOD,attention
paper_22,USES_METHOD,autoencoder
paper_22,USES_METHOD,cnn
paper_22,USES_METHOD,contrastive learning
paper_22,USES_METHOD,diffusion
paper_22,USES_METHOD,encoder-decoder
paper_22,USES_METHOD,gan
paper_22,USES_METHOD,gnn
paper_22,USES_METHOD,graph neural network
paper_22,USES_METHOD,lstm
paper_22,USES_METHOD,pre-training
paper_22,USES_METHOD,prompt
paper_22,USES_METHOD,representation learning
paper_22,USES_METHOD,rnn
paper_22,USES_METHOD,self-attention
paper_22,USES_METHOD,self-supervised
paper_22,USES_METHOD,supervised
paper_22,USES_METHOD,transformer
paper_22,USES_METHOD,unsupervised
paper_22,USES_METHOD,vae
paper_22,BELONGS_TO_DOMAIN,academic
paper_22,BELONGS_TO_DOMAIN,biomedical
paper_22,BELONGS_TO_DOMAIN,conversation
paper_22,BELONGS_TO_DOMAIN,finance
paper_22,BELONGS_TO_DOMAIN,medical
paper_22,BELONGS_TO_DOMAIN,multimodal
paper_22,BELONGS_TO_DOMAIN,policy
paper_22,BELONGS_TO_DOMAIN,recipe
paper_22,BELONGS_TO_DOMAIN,recommendation
paper_22,BELONGS_TO_DOMAIN,review
paper_22,BELONGS_TO_DOMAIN,social
paper_22,BELONGS_TO_DOMAIN,vision
paper_22,GENERATES_EXPLANATION_TYPE,attention
paper_22,GENERATES_EXPLANATION_TYPE,counterfactual
paper_22,GENERATES_EXPLANATION_TYPE,explainability
paper_22,GENERATES_EXPLANATION_TYPE,explanation
paper_22,GENERATES_EXPLANATION_TYPE,feature
paper_22,GENERATES_EXPLANATION_TYPE,interpretability
paper_22,GENERATES_EXPLANATION_TYPE,kg
paper_22,GENERATES_EXPLANATION_TYPE,post-hoc
paper_22,USES_DATASET,reddit
paper_22,EVALUATED_BY,accuracy
paper_22,EVALUATED_BY,map
paper_22,EVALUATED_BY,precision
paper_23,AUTHORED_BY,Ivania Donoso-Guzm'an
paper_23,AUTHORED_BY,Jeroen Ooge
paper_23,AUTHORED_BY,Denis Parra
paper_23,AUTHORED_BY,K. Verbert
paper_23,BELONGS_TO_DOMAIN,medical
paper_23,BELONGS_TO_DOMAIN,recommendation
paper_23,GENERATES_EXPLANATION_TYPE,feature
paper_23,GENERATES_EXPLANATION_TYPE,shap
paper_23,EVALUATED_BY,precision
paper_23,EVALUATED_BY,recall
paper_24,AUTHORED_BY,Shuai Yu
paper_24,AUTHORED_BY,Yongbo Wang
paper_24,AUTHORED_BY,Min Yang
paper_24,AUTHORED_BY,Baocheng Li
paper_24,AUTHORED_BY,Qiang Qu
paper_24,AUTHORED_BY,Jialie Shen
paper_24,USES_METHOD,attention
paper_24,USES_METHOD,self-attention
paper_24,BELONGS_TO_DOMAIN,history
paper_24,BELONGS_TO_DOMAIN,recommendation
paper_24,GENERATES_EXPLANATION_TYPE,attention
paper_24,GENERATES_EXPLANATION_TYPE,attention weight
paper_24,EVALUATED_BY,accuracy
paper_24,EVALUATED_BY,map
paper_24,EVALUATED_BY,ndcg
paper_25,AUTHORED_BY,S.M.F. Sani
paper_25,AUTHORED_BY,Asal Meskin
paper_25,AUTHORED_BY,Mohammad Amanlou
paper_25,AUTHORED_BY,Hamid R. Rabiee
paper_25,USES_METHOD,gpt
paper_25,USES_METHOD,prompt
paper_25,USES_METHOD,prompting
paper_25,USES_METHOD,rag
paper_25,USES_METHOD,supervised
paper_25,BELONGS_TO_DOMAIN,movie
paper_25,BELONGS_TO_DOMAIN,recommendation
paper_25,BELONGS_TO_DOMAIN,restaurant
paper_25,BELONGS_TO_DOMAIN,review
paper_25,GENERATES_EXPLANATION_TYPE,explainability
paper_25,GENERATES_EXPLANATION_TYPE,explanation
paper_25,GENERATES_EXPLANATION_TYPE,feature
paper_25,GENERATES_EXPLANATION_TYPE,feature attribution
paper_25,GENERATES_EXPLANATION_TYPE,interpretability
paper_25,GENERATES_EXPLANATION_TYPE,rationale
paper_25,GENERATES_EXPLANATION_TYPE,shap
paper_25,USES_DATASET,amazon
paper_25,USES_DATASET,yelp
paper_25,EVALUATED_BY,accuracy
paper_25,EVALUATED_BY,bleu
paper_25,EVALUATED_BY,f1
paper_25,EVALUATED_BY,mae
paper_25,EVALUATED_BY,map
paper_25,EVALUATED_BY,meteor
paper_25,EVALUATED_BY,rmse
paper_25,EVALUATED_BY,rouge
paper_25,EVALUATED_BY,weighted
paper_26,AUTHORED_BY,Xiaoshan Yu
paper_26,AUTHORED_BY,Chuan Qin
paper_26,AUTHORED_BY,Qi Zhang
paper_26,AUTHORED_BY,Chen Zhu
paper_26,AUTHORED_BY,Haiping Ma
paper_26,AUTHORED_BY,Xingyi Zhang
paper_26,AUTHORED_BY,Hengshu Zhu
paper_26,USES_METHOD,contrastive learning
paper_26,USES_METHOD,representation learning
paper_26,BELONGS_TO_DOMAIN,recommendation
paper_26,GENERATES_EXPLANATION_TYPE,attention
paper_26,GENERATES_EXPLANATION_TYPE,explainability
paper_26,GENERATES_EXPLANATION_TYPE,interpretability
paper_26,GENERATES_EXPLANATION_TYPE,intrinsic
paper_26,EVALUATED_BY,auc
paper_26,EVALUATED_BY,map
paper_26,EVALUATED_BY,ndcg
paper_27,AUTHORED_BY,Tong Chen
paper_27,AUTHORED_BY,Hongzhi Yin
paper_27,AUTHORED_BY,Guanhua Ye
paper_27,AUTHORED_BY,Zi Huang
paper_27,AUTHORED_BY,Yang Wang
paper_27,AUTHORED_BY,Meng Wang
paper_27,BELONGS_TO_DOMAIN,recommendation
paper_27,BELONGS_TO_DOMAIN,review
paper_27,GENERATES_EXPLANATION_TYPE,attention
paper_27,GENERATES_EXPLANATION_TYPE,explainability
paper_27,GENERATES_EXPLANATION_TYPE,interpretability
paper_27,EVALUATED_BY,accuracy
paper_27,EVALUATED_BY,map
paper_27,EVALUATED_BY,ndcg
paper_27,EVALUATED_BY,precision
paper_27,EVALUATED_BY,recall
paper_28,AUTHORED_BY,Deng Pan
paper_28,AUTHORED_BY,Xiangrui Li
paper_28,AUTHORED_BY,X. Li
paper_28,AUTHORED_BY,Dongxiao Zhu
paper_28,USES_METHOD,attention
paper_28,USES_METHOD,multitask
paper_28,BELONGS_TO_DOMAIN,code
paper_28,BELONGS_TO_DOMAIN,movie
paper_28,BELONGS_TO_DOMAIN,recommendation
paper_28,BELONGS_TO_DOMAIN,review
paper_28,GENERATES_EXPLANATION_TYPE,attention
paper_28,GENERATES_EXPLANATION_TYPE,attention weight
paper_28,GENERATES_EXPLANATION_TYPE,explainability
paper_28,GENERATES_EXPLANATION_TYPE,explanation
paper_28,GENERATES_EXPLANATION_TYPE,feature
paper_28,GENERATES_EXPLANATION_TYPE,interpretability
paper_28,USES_DATASET,movielens
paper_28,EVALUATED_BY,accuracy
paper_28,EVALUATED_BY,map
paper_28,EVALUATED_BY,precision
paper_28,EVALUATED_BY,recall
paper_28,EVALUATED_BY,rmse
paper_29,AUTHORED_BY,Andrés Villa
paper_29,AUTHORED_BY,Vladimir Araujo
paper_29,AUTHORED_BY,Francisca Cattan
paper_29,AUTHORED_BY,Denis Parra
paper_29,USES_METHOD,attention
paper_29,USES_METHOD,cnn
paper_29,USES_METHOD,self-attention
paper_29,USES_METHOD,transformer
paper_29,BELONGS_TO_DOMAIN,code
paper_29,BELONGS_TO_DOMAIN,game
paper_29,BELONGS_TO_DOMAIN,recommendation
paper_29,GENERATES_EXPLANATION_TYPE,attention
paper_29,GENERATES_EXPLANATION_TYPE,explanation
paper_29,GENERATES_EXPLANATION_TYPE,heatmap
paper_29,GENERATES_EXPLANATION_TYPE,interpretability
paper_29,GENERATES_EXPLANATION_TYPE,visualization
paper_29,EVALUATED_BY,f1
paper_29,EVALUATED_BY,map
paper_29,EVALUATED_BY,precision
paper_29,EVALUATED_BY,recall
paper_30,AUTHORED_BY,Xin Dong
paper_30,AUTHORED_BY,Jingchao Ni
paper_30,AUTHORED_BY,Wei Cheng
paper_30,AUTHORED_BY,Zhengzhang Chen
paper_30,AUTHORED_BY,Bo Zong
paper_30,AUTHORED_BY,Dongjin Song
paper_30,AUTHORED_BY,Yanchi Liu
paper_30,AUTHORED_BY,Haifeng Chen
paper_30,AUTHORED_BY,Gerard de Melo
paper_30,USES_METHOD,attention
paper_30,USES_METHOD,cnn
paper_30,USES_METHOD,lstm
paper_30,BELONGS_TO_DOMAIN,recommendation
paper_30,BELONGS_TO_DOMAIN,review
paper_30,GENERATES_EXPLANATION_TYPE,attention
paper_30,GENERATES_EXPLANATION_TYPE,attention weight
paper_30,GENERATES_EXPLANATION_TYPE,interpretability
paper_30,USES_DATASET,amazon
paper_30,USES_DATASET,yelp
paper_30,EVALUATED_BY,accuracy
paper_30,EVALUATED_BY,mse
paper_30,EVALUATED_BY,recall
paper_31,AUTHORED_BY,Charles Packer
paper_31,AUTHORED_BY,Julian McAuley
paper_31,AUTHORED_BY,Arnau Ramisa
paper_31,USES_METHOD,cnn
paper_31,BELONGS_TO_DOMAIN,recommendation
paper_31,GENERATES_EXPLANATION_TYPE,interpretability
paper_31,EVALUATED_BY,accuracy
paper_31,EVALUATED_BY,auc
paper_32,AUTHORED_BY,Millennium Bismay
paper_32,AUTHORED_BY,Xiangjue Dong
paper_32,AUTHORED_BY,James Caverlee
paper_32,USES_METHOD,attention
paper_32,USES_METHOD,cnn
paper_32,USES_METHOD,finetune
paper_32,USES_METHOD,flan
paper_32,USES_METHOD,llama
paper_32,USES_METHOD,prompt
paper_32,USES_METHOD,self-attention
paper_32,USES_METHOD,t5
paper_32,USES_METHOD,transformer
paper_32,USES_METHOD,zero-shot
paper_32,BELONGS_TO_DOMAIN,code
paper_32,BELONGS_TO_DOMAIN,recommendation
paper_32,GENERATES_EXPLANATION_TYPE,attention
paper_32,GENERATES_EXPLANATION_TYPE,interpretability
paper_32,USES_DATASET,amazon
paper_32,USES_DATASET,movielens
paper_32,EVALUATED_BY,accuracy
paper_32,EVALUATED_BY,auc
paper_32,EVALUATED_BY,recall
paper_33,AUTHORED_BY,Yuling Wang
paper_33,AUTHORED_BY,Xiao Wang
paper_33,AUTHORED_BY,Xiangzhou Huang
paper_33,AUTHORED_BY,Yanhua Yu
paper_33,AUTHORED_BY,Haoyang Li
paper_33,AUTHORED_BY,Mengdi Zhang
paper_33,AUTHORED_BY,Zirui Guo
paper_33,AUTHORED_BY,Wei Wu
paper_33,USES_METHOD,attention
paper_33,USES_METHOD,autoencoder
paper_33,USES_METHOD,contrastive learning
paper_33,USES_METHOD,gnn
paper_33,USES_METHOD,graph neural network
paper_33,USES_METHOD,representation learning
paper_33,USES_METHOD,self-supervised
paper_33,USES_METHOD,supervised
paper_33,BELONGS_TO_DOMAIN,recommendation
paper_33,BELONGS_TO_DOMAIN,vision
paper_33,GENERATES_EXPLANATION_TYPE,attention
paper_33,GENERATES_EXPLANATION_TYPE,interpretability
paper_33,USES_DATASET,movielens
paper_33,EVALUATED_BY,map
paper_33,EVALUATED_BY,ndcg
paper_33,EVALUATED_BY,recall
paper_34,AUTHORED_BY,Yongfeng Zhang
paper_34,AUTHORED_BY,Xu Chen
paper_34,USES_METHOD,attention
paper_34,USES_METHOD,knowledge distillation
paper_34,USES_METHOD,lstm
paper_34,USES_METHOD,memory network
paper_34,USES_METHOD,reinforcement learning
paper_34,USES_METHOD,rnn
paper_34,USES_METHOD,unsupervised
paper_34,BELONGS_TO_DOMAIN,academic
paper_34,BELONGS_TO_DOMAIN,conversation
paper_34,BELONGS_TO_DOMAIN,education
paper_34,BELONGS_TO_DOMAIN,environment
paper_34,BELONGS_TO_DOMAIN,game
paper_34,BELONGS_TO_DOMAIN,history
paper_34,BELONGS_TO_DOMAIN,hotel
paper_34,BELONGS_TO_DOMAIN,legal
paper_34,BELONGS_TO_DOMAIN,medical
paper_34,BELONGS_TO_DOMAIN,movie
paper_34,BELONGS_TO_DOMAIN,music
paper_34,BELONGS_TO_DOMAIN,news
paper_34,BELONGS_TO_DOMAIN,recommendation
paper_34,BELONGS_TO_DOMAIN,restaurant
paper_34,BELONGS_TO_DOMAIN,review
paper_34,BELONGS_TO_DOMAIN,social
paper_34,BELONGS_TO_DOMAIN,social media
paper_34,BELONGS_TO_DOMAIN,travel
paper_34,BELONGS_TO_DOMAIN,vision
paper_34,BELONGS_TO_DOMAIN,youtube
paper_34,GENERATES_EXPLANATION_TYPE,attention
paper_34,GENERATES_EXPLANATION_TYPE,explainability
paper_34,GENERATES_EXPLANATION_TYPE,explanation
paper_34,GENERATES_EXPLANATION_TYPE,feature
paper_34,GENERATES_EXPLANATION_TYPE,interpretability
paper_34,GENERATES_EXPLANATION_TYPE,intrinsic
paper_34,GENERATES_EXPLANATION_TYPE,kg
paper_34,GENERATES_EXPLANATION_TYPE,lime
paper_34,GENERATES_EXPLANATION_TYPE,post-hoc
paper_34,GENERATES_EXPLANATION_TYPE,transparency
paper_34,USES_DATASET,amazon
paper_34,USES_DATASET,yelp
paper_34,EVALUATED_BY,accuracy
paper_34,EVALUATED_BY,bleu
paper_34,EVALUATED_BY,mae
paper_34,EVALUATED_BY,ndcg
paper_34,EVALUATED_BY,precision
paper_34,EVALUATED_BY,recall
paper_34,EVALUATED_BY,rmse
paper_34,EVALUATED_BY,rouge
paper_35,AUTHORED_BY,Yikun Xian
paper_35,AUTHORED_BY,Zuohui Fu
paper_35,AUTHORED_BY,S. Muthukrishnan
paper_35,AUTHORED_BY,Gerard de Melo
paper_35,AUTHORED_BY,Yongfeng Zhang
paper_35,USES_METHOD,reinforcement learning
paper_35,BELONGS_TO_DOMAIN,code
paper_35,BELONGS_TO_DOMAIN,multimodal
paper_35,BELONGS_TO_DOMAIN,policy
paper_35,BELONGS_TO_DOMAIN,recommendation
paper_35,BELONGS_TO_DOMAIN,social
paper_35,GENERATES_EXPLANATION_TYPE,explainability
paper_35,GENERATES_EXPLANATION_TYPE,interpretability
paper_35,USES_DATASET,amazon
paper_35,EVALUATED_BY,map
paper_35,EVALUATED_BY,ndcg
paper_35,EVALUATED_BY,precision
paper_35,EVALUATED_BY,recall
paper_36,AUTHORED_BY,Yuhan Li
paper_36,AUTHORED_BY,Xinni Zhang
paper_36,AUTHORED_BY,Linhao Luo
paper_36,AUTHORED_BY,Heng Chang
paper_36,AUTHORED_BY,Yuxiang Ren
paper_36,AUTHORED_BY,Irwin King
paper_36,AUTHORED_BY,Jia Li
paper_36,USES_METHOD,attention
paper_36,USES_METHOD,bert
paper_36,USES_METHOD,gnn
paper_36,USES_METHOD,gpt
paper_36,USES_METHOD,gru
paper_36,USES_METHOD,llama
paper_36,USES_METHOD,lstm
paper_36,USES_METHOD,retrieval-augmented
paper_36,BELONGS_TO_DOMAIN,food
paper_36,BELONGS_TO_DOMAIN,recommendation
paper_36,GENERATES_EXPLANATION_TYPE,attention
paper_36,GENERATES_EXPLANATION_TYPE,explainability
paper_36,GENERATES_EXPLANATION_TYPE,explanation
paper_36,GENERATES_EXPLANATION_TYPE,interpretability
paper_36,GENERATES_EXPLANATION_TYPE,transparency
paper_36,USES_DATASET,amazon
paper_36,USES_DATASET,yelp
paper_36,EVALUATED_BY,f1
paper_36,EVALUATED_BY,f1-score
paper_36,EVALUATED_BY,precision
paper_36,EVALUATED_BY,recall
paper_37,AUTHORED_BY,A. Zakharov
paper_37,AUTHORED_BY,M. Pisov
paper_37,AUTHORED_BY,Alim Bukharaev
paper_37,AUTHORED_BY,Alexey Petraikin
paper_37,AUTHORED_BY,S. Morozov
paper_37,AUTHORED_BY,V. Gombolevskiy
paper_37,AUTHORED_BY,M. Belyaev
paper_37,USES_METHOD,cnn
paper_37,USES_METHOD,rnn
paper_37,BELONGS_TO_DOMAIN,clinical
paper_37,BELONGS_TO_DOMAIN,medical
paper_37,BELONGS_TO_DOMAIN,recommendation
paper_37,GENERATES_EXPLANATION_TYPE,attention
paper_37,GENERATES_EXPLANATION_TYPE,interpretability
paper_37,EVALUATED_BY,auc
paper_37,EVALUATED_BY,mae
paper_37,EVALUATED_BY,precision
paper_37,EVALUATED_BY,recall
paper_38,AUTHORED_BY,Shijun Li
paper_38,AUTHORED_BY,Wenqiang Lei
paper_38,AUTHORED_BY,Qingyun Wu
paper_38,AUTHORED_BY,Xiangnan He
paper_38,AUTHORED_BY,Peng Jiang
paper_38,AUTHORED_BY,Tat-Seng Chua
paper_38,BELONGS_TO_DOMAIN,business
paper_38,BELONGS_TO_DOMAIN,conversation
paper_38,BELONGS_TO_DOMAIN,dialogue
paper_38,BELONGS_TO_DOMAIN,history
paper_38,BELONGS_TO_DOMAIN,music
paper_38,BELONGS_TO_DOMAIN,policy
paper_38,BELONGS_TO_DOMAIN,recommendation
paper_38,BELONGS_TO_DOMAIN,sports
paper_38,GENERATES_EXPLANATION_TYPE,attention
paper_38,USES_DATASET,yelp
paper_39,AUTHORED_BY,Yuntao Du
paper_39,AUTHORED_BY,Jianxun Lian
paper_39,AUTHORED_BY,Jing Yao
paper_39,AUTHORED_BY,Xiting Wang
paper_39,AUTHORED_BY,Mingqi Wu
paper_39,AUTHORED_BY,Lu Chen
paper_39,AUTHORED_BY,Yunjun Gao
paper_39,AUTHORED_BY,Xing Xie
paper_39,USES_METHOD,ensemble
paper_39,BELONGS_TO_DOMAIN,history
paper_39,BELONGS_TO_DOMAIN,music
paper_39,BELONGS_TO_DOMAIN,recommendation
paper_39,GENERATES_EXPLANATION_TYPE,explainability
paper_39,GENERATES_EXPLANATION_TYPE,interpretability
paper_39,GENERATES_EXPLANATION_TYPE,post-hoc
paper_39,GENERATES_EXPLANATION_TYPE,transparency
paper_39,USES_DATASET,movielens
paper_39,EVALUATED_BY,accuracy
paper_39,EVALUATED_BY,map
paper_39,EVALUATED_BY,ndcg
paper_39,EVALUATED_BY,recall
paper_40,AUTHORED_BY,Lei Pan
paper_40,AUTHORED_BY,V. Soo
paper_40,USES_METHOD,attention
paper_40,USES_METHOD,autoencoder
paper_40,USES_METHOD,reinforcement learning
paper_40,BELONGS_TO_DOMAIN,audio
paper_40,BELONGS_TO_DOMAIN,environment
paper_40,BELONGS_TO_DOMAIN,history
paper_40,BELONGS_TO_DOMAIN,music
paper_40,BELONGS_TO_DOMAIN,recommendation
paper_40,BELONGS_TO_DOMAIN,vision
paper_40,GENERATES_EXPLANATION_TYPE,attention
paper_40,GENERATES_EXPLANATION_TYPE,explainability
paper_40,GENERATES_EXPLANATION_TYPE,interpretability
paper_40,USES_DATASET,movielens
paper_40,EVALUATED_BY,accuracy
paper_40,EVALUATED_BY,ndcg
paper_41,AUTHORED_BY,Oren Barkan
paper_41,AUTHORED_BY,Yonatan Fuchs
paper_41,AUTHORED_BY,Avi Caciularu
paper_41,AUTHORED_BY,Noam Koenigstein
paper_41,USES_METHOD,attention
paper_41,BELONGS_TO_DOMAIN,recommendation
paper_41,GENERATES_EXPLANATION_TYPE,attention
paper_41,GENERATES_EXPLANATION_TYPE,feature
paper_41,USES_DATASET,amazon
paper_41,EVALUATED_BY,accuracy
paper_41,EVALUATED_BY,map
paper_41,EVALUATED_BY,ndcg
paper_41,EVALUATED_BY,recall
paper_42,AUTHORED_BY,Yueyang Liu
paper_42,AUTHORED_BY,Lance Kennedy
paper_42,AUTHORED_BY,Hossein Amiri
paper_42,AUTHORED_BY,Andreas Züfle
paper_42,USES_METHOD,autoencoder
paper_42,USES_METHOD,cnn
paper_42,USES_METHOD,encoder-decoder
paper_42,USES_METHOD,gnn
paper_42,USES_METHOD,graph neural network
paper_42,USES_METHOD,lstm
paper_42,USES_METHOD,unsupervised
paper_42,USES_METHOD,vae
paper_42,BELONGS_TO_DOMAIN,movie
paper_42,BELONGS_TO_DOMAIN,recommendation
paper_42,GENERATES_EXPLANATION_TYPE,attention
paper_42,EVALUATED_BY,accuracy
paper_42,EVALUATED_BY,auc
paper_42,EVALUATED_BY,map
paper_43,AUTHORED_BY,P. Haghighi
paper_43,AUTHORED_BY,Olurotimi Seton
paper_43,AUTHORED_BY,O. Nasraoui
paper_43,USES_METHOD,autoencoder
paper_43,BELONGS_TO_DOMAIN,music
paper_43,BELONGS_TO_DOMAIN,recommendation
paper_43,BELONGS_TO_DOMAIN,travel
paper_43,GENERATES_EXPLANATION_TYPE,explainability
paper_43,GENERATES_EXPLANATION_TYPE,rationale
paper_43,USES_DATASET,movielens
paper_43,EVALUATED_BY,accuracy
paper_43,EVALUATED_BY,map
paper_43,EVALUATED_BY,precision
paper_43,EVALUATED_BY,rmse
paper_44,AUTHORED_BY,B. Abdollahi
paper_44,AUTHORED_BY,O. Nasraoui
paper_44,BELONGS_TO_DOMAIN,news
paper_44,BELONGS_TO_DOMAIN,recommendation
paper_44,GENERATES_EXPLANATION_TYPE,explainability
paper_44,GENERATES_EXPLANATION_TYPE,explanation
paper_44,GENERATES_EXPLANATION_TYPE,interpretability
paper_44,GENERATES_EXPLANATION_TYPE,transparency
paper_44,EVALUATED_BY,accuracy
paper_44,EVALUATED_BY,ndcg
paper_44,EVALUATED_BY,precision
paper_44,EVALUATED_BY,recall
paper_44,EVALUATED_BY,rmse
paper_45,AUTHORED_BY,Qiyao Ma
paper_45,AUTHORED_BY,Xubin Ren
paper_45,AUTHORED_BY,Chao Huang
paper_45,USES_METHOD,adapter
paper_45,USES_METHOD,gnn
paper_45,USES_METHOD,gpt
paper_45,USES_METHOD,instruction-tuning
paper_45,USES_METHOD,mixture of experts
paper_45,USES_METHOD,prompt
paper_45,USES_METHOD,representation learning
paper_45,USES_METHOD,self-supervised
paper_45,USES_METHOD,supervised
paper_45,USES_METHOD,zero-shot
paper_45,BELONGS_TO_DOMAIN,multimodal
paper_45,BELONGS_TO_DOMAIN,recommendation
paper_45,GENERATES_EXPLANATION_TYPE,attention
paper_45,GENERATES_EXPLANATION_TYPE,attention weight
paper_45,GENERATES_EXPLANATION_TYPE,explainability
paper_45,GENERATES_EXPLANATION_TYPE,transparency
paper_45,USES_DATASET,yelp
paper_45,EVALUATED_BY,accuracy
paper_45,EVALUATED_BY,bleu
paper_45,EVALUATED_BY,recall
paper_45,EVALUATED_BY,rouge
paper_46,AUTHORED_BY,Abhinav Arun
paper_46,AUTHORED_BY,Mehul Soni
paper_46,AUTHORED_BY,Palash Choudhary
paper_46,AUTHORED_BY,Saksham Arora
paper_46,BELONGS_TO_DOMAIN,music
paper_46,BELONGS_TO_DOMAIN,recommendation
paper_46,GENERATES_EXPLANATION_TYPE,explainability
paper_46,GENERATES_EXPLANATION_TYPE,visualization
paper_46,EVALUATED_BY,accuracy
paper_46,EVALUATED_BY,map
paper_46,EVALUATED_BY,ndcg
paper_46,EVALUATED_BY,precision
paper_46,EVALUATED_BY,rmse
paper_47,AUTHORED_BY,Zuohui Fu
paper_47,AUTHORED_BY,Yikun Xian
paper_47,AUTHORED_BY,Ruoyuan Gao
paper_47,AUTHORED_BY,Jieyu Zhao
paper_47,AUTHORED_BY,Qiaoying Huang
paper_47,AUTHORED_BY,Yingqiang Ge
paper_47,AUTHORED_BY,Shuyuan Xu
paper_47,AUTHORED_BY,Shijie Geng
paper_47,AUTHORED_BY,C. Shah
paper_47,AUTHORED_BY,Yongfeng Zhang
paper_47,AUTHORED_BY,Gerard de Melo
paper_47,USES_METHOD,gru
paper_47,BELONGS_TO_DOMAIN,code
paper_47,BELONGS_TO_DOMAIN,recommendation
paper_47,GENERATES_EXPLANATION_TYPE,attention
paper_47,USES_DATASET,amazon
paper_47,EVALUATED_BY,ndcg
paper_47,EVALUATED_BY,precision
paper_47,EVALUATED_BY,recall
paper_48,AUTHORED_BY,Chuang Zhao
paper_48,AUTHORED_BY,Xing Su
paper_48,AUTHORED_BY,Ming He
paper_48,AUTHORED_BY,Hongke Zhao
paper_48,AUTHORED_BY,Jianpin Fan
paper_48,AUTHORED_BY,Xiaomeng Li
paper_49,AUTHORED_BY,P. Bhattacharya
paper_49,AUTHORED_BY,Saptarshi Ghosh
paper_49,AUTHORED_BY,M. B. Zafar
paper_49,AUTHORED_BY,Soumya K. Ghosh
paper_49,AUTHORED_BY,Niloy Ganguly
paper_49,USES_METHOD,supervised
paper_49,USES_METHOD,unsupervised
paper_49,BELONGS_TO_DOMAIN,recommendation
paper_49,BELONGS_TO_DOMAIN,social
paper_49,BELONGS_TO_DOMAIN,social media
paper_49,BELONGS_TO_DOMAIN,twitter
paper_49,GENERATES_EXPLANATION_TYPE,attention
paper_49,GENERATES_EXPLANATION_TYPE,explainability
paper_49,USES_DATASET,twitter
paper_49,USES_DATASET,wikipedia
paper_49,EVALUATED_BY,accuracy
paper_49,EVALUATED_BY,map
paper_49,EVALUATED_BY,ndcg
paper_49,EVALUATED_BY,precision
paper_50,AUTHORED_BY,P. Bhattacharya
paper_50,AUTHORED_BY,Saptarshi Ghosh
paper_50,AUTHORED_BY,M. B. Zafar
paper_50,AUTHORED_BY,Soumya K. Ghosh
paper_50,AUTHORED_BY,Niloy Ganguly
paper_50,BELONGS_TO_DOMAIN,news
paper_50,BELONGS_TO_DOMAIN,recommendation
paper_50,GENERATES_EXPLANATION_TYPE,explainability
paper_50,GENERATES_EXPLANATION_TYPE,explanation
paper_50,GENERATES_EXPLANATION_TYPE,interpretability
paper_50,GENERATES_EXPLANATION_TYPE,transparency
paper_50,EVALUATED_BY,accuracy
paper_50,EVALUATED_BY,ndcg
paper_50,EVALUATED_BY,precision
paper_50,EVALUATED_BY,recall
paper_50,EVALUATED_BY,rmse
paper_51,AUTHORED_BY,P. Bhattacharya
paper_51,AUTHORED_BY,Saptarshi Ghosh
paper_51,AUTHORED_BY,M. B. Zafar
paper_51,AUTHORED_BY,Soumya K. Ghosh
paper_51,AUTHORED_BY,Niloy Ganguly
paper_51,USES_METHOD,supervised
paper_51,USES_METHOD,unsupervised
paper_51,BELONGS_TO_DOMAIN,recommendation
paper_51,BELONGS_TO_DOMAIN,review
paper_51,BELONGS_TO_DOMAIN,social
paper_51,GENERATES_EXPLANATION_TYPE,attention
paper_51,GENERATES_EXPLANATION_TYPE,explainability
paper_51,EVALUATED_BY,accuracy
paper_51,EVALUATED_BY,mae
paper_51,EVALUATED_BY,rmse
paper_52,AUTHORED_BY,P. Bhattacharya
paper_52,AUTHORED_BY,Saptarshi Ghosh
paper_52,AUTHORED_BY,M. B. Zafar
paper_52,AUTHORED_BY,Soumya K. Ghosh
paper_52,AUTHORED_BY,Niloy Ganguly
paper_52,USES_METHOD,cnn
paper_52,BELONGS_TO_DOMAIN,food
paper_52,BELONGS_TO_DOMAIN,history
paper_52,BELONGS_TO_DOMAIN,recommendation
paper_52,BELONGS_TO_DOMAIN,review
paper_52,BELONGS_TO_DOMAIN,social
paper_52,BELONGS_TO_DOMAIN,twitter
paper_52,GENERATES_EXPLANATION_TYPE,attention
paper_52,GENERATES_EXPLANATION_TYPE,explainability
paper_52,GENERATES_EXPLANATION_TYPE,interpretability
paper_52,USES_DATASET,yelp
paper_52,EVALUATED_BY,accuracy
paper_52,EVALUATED_BY,map
paper_52,EVALUATED_BY,precision
paper_52,EVALUATED_BY,recall
paper_53,AUTHORED_BY,P. Bhattacharya
paper_53,AUTHORED_BY,Saptarshi Ghosh
paper_53,AUTHORED_BY,M. B. Zafar
paper_53,AUTHORED_BY,Soumya K. Ghosh
paper_53,AUTHORED_BY,Niloy Ganguly
paper_53,BELONGS_TO_DOMAIN,recommendation
paper_53,GENERATES_EXPLANATION_TYPE,explainability
paper_54,AUTHORED_BY,P. Bhattacharya
paper_54,AUTHORED_BY,Saptarshi Ghosh
paper_54,AUTHORED_BY,M. B. Zafar
paper_54,AUTHORED_BY,Soumya K. Ghosh
paper_54,AUTHORED_BY,Niloy Ganguly
paper_54,BELONGS_TO_DOMAIN,recommendation
paper_54,BELONGS_TO_DOMAIN,review
paper_54,GENERATES_EXPLANATION_TYPE,attention
paper_54,GENERATES_EXPLANATION_TYPE,explainability
paper_54,GENERATES_EXPLANATION_TYPE,feature
paper_54,GENERATES_EXPLANATION_TYPE,rule
paper_54,USES_DATASET,yelp
paper_54,EVALUATED_BY,accuracy
paper_54,EVALUATED_BY,auc
paper_54,EVALUATED_BY,f1
paper_54,EVALUATED_BY,map
paper_54,EVALUATED_BY,ndcg
paper_54,EVALUATED_BY,precision
paper_54,EVALUATED_BY,recall
paper_54,EVALUATED_BY,rmse
paper_55,AUTHORED_BY,P. Bhattacharya
paper_55,AUTHORED_BY,Saptarshi Ghosh
paper_55,AUTHORED_BY,M. B. Zafar
paper_55,AUTHORED_BY,Soumya K. Ghosh
paper_55,AUTHORED_BY,Niloy Ganguly
paper_55,BELONGS_TO_DOMAIN,recommendation
paper_55,BELONGS_TO_DOMAIN,review
paper_56,AUTHORED_BY,P. Bhattacharya
paper_56,AUTHORED_BY,Saptarshi Ghosh
paper_56,AUTHORED_BY,M. B. Zafar
paper_56,AUTHORED_BY,Soumya K. Ghosh
paper_56,AUTHORED_BY,Niloy Ganguly
paper_56,BELONGS_TO_DOMAIN,code
paper_56,BELONGS_TO_DOMAIN,recommendation
paper_56,EVALUATED_BY,f1
paper_56,EVALUATED_BY,map
paper_56,EVALUATED_BY,precision
paper_56,EVALUATED_BY,recall
paper_57,AUTHORED_BY,P. Bhattacharya
paper_57,AUTHORED_BY,Saptarshi Ghosh
paper_57,AUTHORED_BY,M. B. Zafar
paper_57,AUTHORED_BY,Soumya K. Ghosh
paper_57,AUTHORED_BY,Niloy Ganguly
paper_57,BELONGS_TO_DOMAIN,recommendation
paper_57,BELONGS_TO_DOMAIN,review
paper_57,GENERATES_EXPLANATION_TYPE,attention
paper_57,GENERATES_EXPLANATION_TYPE,explainability
paper_57,GENERATES_EXPLANATION_TYPE,transparency
paper_57,USES_DATASET,amazon
paper_57,USES_DATASET,yelp
paper_57,EVALUATED_BY,accuracy
paper_57,EVALUATED_BY,ndcg
paper_57,EVALUATED_BY,recall
paper_58,AUTHORED_BY,P. Bhattacharya
paper_58,AUTHORED_BY,Saptarshi Ghosh
paper_58,AUTHORED_BY,M. B. Zafar
paper_58,AUTHORED_BY,Soumya K. Ghosh
paper_58,AUTHORED_BY,Niloy Ganguly
paper_58,BELONGS_TO_DOMAIN,recommendation
paper_58,GENERATES_EXPLANATION_TYPE,explainability
paper_58,GENERATES_EXPLANATION_TYPE,explanation
paper_58,GENERATES_EXPLANATION_TYPE,rationale
paper_58,USES_DATASET,movielens
paper_58,EVALUATED_BY,accuracy
paper_58,EVALUATED_BY,ndcg
paper_58,EVALUATED_BY,precision
paper_58,EVALUATED_BY,recall
paper_58,EVALUATED_BY,rmse
paper_58,EVALUATED_BY,weighted
paper_59,AUTHORED_BY,P. Bhattacharya
paper_59,AUTHORED_BY,Saptarshi Ghosh
paper_59,AUTHORED_BY,M. B. Zafar
paper_59,AUTHORED_BY,Soumya K. Ghosh
paper_59,AUTHORED_BY,Niloy Ganguly
paper_59,BELONGS_TO_DOMAIN,recommendation
paper_59,BELONGS_TO_DOMAIN,review
paper_59,BELONGS_TO_DOMAIN,social
paper_59,BELONGS_TO_DOMAIN,social media
paper_59,GENERATES_EXPLANATION_TYPE,attention
paper_59,GENERATES_EXPLANATION_TYPE,explainability
paper_59,GENERATES_EXPLANATION_TYPE,interpretability
paper_59,USES_DATASET,wikipedia
paper_59,USES_DATASET,yelp
paper_59,EVALUATED_BY,accuracy
paper_59,EVALUATED_BY,mae
paper_59,EVALUATED_BY,recall
paper_59,EVALUATED_BY,rmse
paper_60,AUTHORED_BY,P. Bhattacharya
paper_60,AUTHORED_BY,Saptarshi Ghosh
paper_60,AUTHORED_BY,M. B. Zafar
paper_60,AUTHORED_BY,Soumya K. Ghosh
paper_60,AUTHORED_BY,Niloy Ganguly
paper_60,BELONGS_TO_DOMAIN,audio
paper_60,BELONGS_TO_DOMAIN,code
paper_60,BELONGS_TO_DOMAIN,health
paper_60,BELONGS_TO_DOMAIN,medical
paper_60,BELONGS_TO_DOMAIN,movie
paper_60,BELONGS_TO_DOMAIN,music
paper_60,BELONGS_TO_DOMAIN,recommendation
paper_60,BELONGS_TO_DOMAIN,science
paper_60,BELONGS_TO_DOMAIN,social
paper_60,GENERATES_EXPLANATION_TYPE,attention
paper_60,EVALUATED_BY,accuracy
