paperId,author
a6dc30b886c5132aaa716a0494d043b9ebb8cb07,Neeraj Tiwary
a6dc30b886c5132aaa716a0494d043b9ebb8cb07,Shahrul Azman Mohd Noah
a6dc30b886c5132aaa716a0494d043b9ebb8cb07,Fariza Fauzi
a6dc30b886c5132aaa716a0494d043b9ebb8cb07,Tan Siok Yee
75841526f5f793aabc1c8895fda6201043fb46e8,Umar Tahir Kidwai
75841526f5f793aabc1c8895fda6201043fb46e8,Nadeem Akhtar
75841526f5f793aabc1c8895fda6201043fb46e8,Mohammad Nadeem
75841526f5f793aabc1c8895fda6201043fb46e8,Roobaea Alroobaea
481442415a7610e9da7ee3c8603d07b8f6b2df3d,Alejandro Ariza-Casabona
481442415a7610e9da7ee3c8603d07b8f6b2df3d,Ludovico Boratto
481442415a7610e9da7ee3c8603d07b8f6b2df3d,Maria Salamó
b11668ea517548fdac1fdc4e3ec9e50164de4c4c,Kathrin Wardatzky
b11668ea517548fdac1fdc4e3ec9e50164de4c4c,Oana Inel
b11668ea517548fdac1fdc4e3ec9e50164de4c4c,Luca Rossetto
b11668ea517548fdac1fdc4e3ec9e50164de4c4c,Abraham Bernstein
1cb0d0397404f2d94e4b2d201034f108ec7fde6a,M. Krone
1cb0d0397404f2d94e4b2d201034f108ec7fde6a,S. Lenti
1cb0d0397404f2d94e4b2d201034f108ec7fde6a,I. Al-Hazwani
1cb0d0397404f2d94e4b2d201034f108ec7fde6a,Turki S Alahmadi
1cb0d0397404f2d94e4b2d201034f108ec7fde6a,Kathrin Wardatzky
1cb0d0397404f2d94e4b2d201034f108ec7fde6a,Oana Inel
1cb0d0397404f2d94e4b2d201034f108ec7fde6a,Mennatallah El-Assady
1cb0d0397404f2d94e4b2d201034f108ec7fde6a,J. Bernard
5bb0150f1a73e174642675610038cc89bd4b3ca6,Marta Caro-Martínez
5bb0150f1a73e174642675610038cc89bd4b3ca6,Guillermo Jiménez-Díaz
5bb0150f1a73e174642675610038cc89bd4b3ca6,Juan A. Recio-García
618ed65eee6f1e67a60f6213431f4a6cf261c4ff,Ludovik Çoba
618ed65eee6f1e67a60f6213431f4a6cf261c4ff,R. Confalonieri
618ed65eee6f1e67a60f6213431f4a6cf261c4ff,M. Zanker
c82f338abf4a981c8e884dd048dfce927bec9f87,J. Hulstijn
c82f338abf4a981c8e884dd048dfce927bec9f87,I. Tchappi
c82f338abf4a981c8e884dd048dfce927bec9f87,A. Najjar
c82f338abf4a981c8e884dd048dfce927bec9f87,Reyhan Aydoğan
1be7b168f9921134be97640c474f748a71dc25ad,Giacomo Balloccu
1be7b168f9921134be97640c474f748a71dc25ad,Ludovico Boratto
1be7b168f9921134be97640c474f748a71dc25ad,G. Fenu
1be7b168f9921134be97640c474f748a71dc25ad,Mirko Marras
1379d7b6bab33147c2cf4e1e55fc5f73b4a00dcb,Shendi Wang
1379d7b6bab33147c2cf4e1e55fc5f73b4a00dcb,Haoyang Li
1379d7b6bab33147c2cf4e1e55fc5f73b4a00dcb,Caleb Chen Cao
1379d7b6bab33147c2cf4e1e55fc5f73b4a00dcb,Xiao-Hui Li
1379d7b6bab33147c2cf4e1e55fc5f73b4a00dcb,Ng Ngai Fai
1379d7b6bab33147c2cf4e1e55fc5f73b4a00dcb,Jianxin Liu
1379d7b6bab33147c2cf4e1e55fc5f73b4a00dcb,Xun Xue
1379d7b6bab33147c2cf4e1e55fc5f73b4a00dcb,H. Song
1379d7b6bab33147c2cf4e1e55fc5f73b4a00dcb,Jinyu Li
1379d7b6bab33147c2cf4e1e55fc5f73b4a00dcb,Guangye Gu
1379d7b6bab33147c2cf4e1e55fc5f73b4a00dcb,Lei Chen
0a6f0e30cca5fa3a291a55a4ddff44e569c89e97,Marta Caro-Martínez
0a6f0e30cca5fa3a291a55a4ddff44e569c89e97,Guillermo Jiménez-Díaz
0a6f0e30cca5fa3a291a55a4ddff44e569c89e97,Juan A. Recio-García
177427d07f2e7b54dbf9657d565cd51734eb0d10,Ninghao Liu
177427d07f2e7b54dbf9657d565cd51734eb0d10,Yong Ge
177427d07f2e7b54dbf9657d565cd51734eb0d10,Li Li
177427d07f2e7b54dbf9657d565cd51734eb0d10,X. Hu
177427d07f2e7b54dbf9657d565cd51734eb0d10,Rui Chen
177427d07f2e7b54dbf9657d565cd51734eb0d10,Soo-Hyun Choi
a1eb6dd5bf57162f365f98717b9fc3882fe94025,B. Abdollahi
a1eb6dd5bf57162f365f98717b9fc3882fe94025,O. Nasraoui
6b82110ecae66a8bc32ff3f928cd2c1e40294db0,Tomasz Rutkowski
6b82110ecae66a8bc32ff3f928cd2c1e40294db0,Krystian Lapa
6b82110ecae66a8bc32ff3f928cd2c1e40294db0,R. Nowicki
6b82110ecae66a8bc32ff3f928cd2c1e40294db0,R. Nielek
6b82110ecae66a8bc32ff3f928cd2c1e40294db0,K. Grzanek
903542ef41d5e33c82aceef692c85437e5dcafe5,Amina Samih
903542ef41d5e33c82aceef692c85437e5dcafe5,Amina Adadi
903542ef41d5e33c82aceef692c85437e5dcafe5,M. Berrada
4fbc63683b4d79c53488a8f98aa1e397e89426ed,Vito Bellini
4fbc63683b4d79c53488a8f98aa1e397e89426ed,Angelo Schiavone
4fbc63683b4d79c53488a8f98aa1e397e89426ed,T. D. Noia
4fbc63683b4d79c53488a8f98aa1e397e89426ed,Azzurra Ragone
4fbc63683b4d79c53488a8f98aa1e397e89426ed,E. Sciascio
adb465db0731e405c7c7d7a588cf2ea1e48074e1,A. Chauvin
04304f657d01c09ff0f59f02de1d8e116c296450,Luis M. de Campos
04304f657d01c09ff0f59f02de1d8e116c296450,J. M. Fernández-Luna
04304f657d01c09ff0f59f02de1d8e116c296450,J. Huete
4e5385d6d4afd2f2b00a8d5998b6b61339e191f9,Roan Schellingerhout
72986cada4a8269041f1b153b08c51f8707afd91,Shuyu Guo
72986cada4a8269041f1b153b08c51f8707afd91,Shuo Zhang
72986cada4a8269041f1b153b08c51f8707afd91,Weiwei Sun
72986cada4a8269041f1b153b08c51f8707afd91,Pengjie Ren
72986cada4a8269041f1b153b08c51f8707afd91,Zhumin Chen
72986cada4a8269041f1b153b08c51f8707afd91,Z. Ren
5f7e543af1fa5f5e836e9789335f9b23e576d2bc,Michael Ridley
bfc22ef20dee9cbbeabe1363c044cb498e417880,Thanet Markchom
bfc22ef20dee9cbbeabe1363c044cb498e417880,Huizhi Liang
bfc22ef20dee9cbbeabe1363c044cb498e417880,James Ferryman
7491eb4fa2cb27daa4dbd3d0ec838cc7b6863692,Thanet Markchom
7491eb4fa2cb27daa4dbd3d0ec838cc7b6863692,Huizhi Liang
7491eb4fa2cb27daa4dbd3d0ec838cc7b6863692,James T Ferryman
63a632afd5027eeb23fb18357c6eec414c4f4818,Huaqi Gao
63a632afd5027eeb23fb18357c6eec414c4f4818,Shunke Zhou
e00e06683dba1b5bda23b8cdb78a31f1d345c018,Xu Chen
e00e06683dba1b5bda23b8cdb78a31f1d345c018,Yongfeng Zhang
e00e06683dba1b5bda23b8cdb78a31f1d345c018,Jingxuan Wen
1767850776facae214e643dcb3d1a1aa99aea8c4,M. Ravi
1767850776facae214e643dcb3d1a1aa99aea8c4,A. Negi
1767850776facae214e643dcb3d1a1aa99aea8c4,Sanjay Chitnis
21be2210c4a4de7a9ce0cb59e4d0fc28921d68a5,Ítallo Silva
21be2210c4a4de7a9ce0cb59e4d0fc28921d68a5,L. Marinho
21be2210c4a4de7a9ce0cb59e4d0fc28921d68a5,Alan Said
21be2210c4a4de7a9ce0cb59e4d0fc28921d68a5,M. Willemsen
c25dd5b15f2225322148c0e29d406c9957f72674,R. Doh
c25dd5b15f2225322148c0e29d406c9957f72674,Conghua Zhou
c25dd5b15f2225322148c0e29d406c9957f72674,John Kingsley Arthur
c25dd5b15f2225322148c0e29d406c9957f72674,Isaac Tawiah
c25dd5b15f2225322148c0e29d406c9957f72674,Benjamin Doh
229ac921a1ef8a9683821f024a45163f6dcfda94,Abdullah Alhejaili
229ac921a1ef8a9683821f024a45163f6dcfda94,Shaheen Fatima
32566e07da8ae95325238eea068ed8c7fe01578a,Jianxun Lian
32566e07da8ae95325238eea068ed8c7fe01578a,Yuxuan Lei
32566e07da8ae95325238eea068ed8c7fe01578a,Xu Huang
32566e07da8ae95325238eea068ed8c7fe01578a,Jing Yao
32566e07da8ae95325238eea068ed8c7fe01578a,Wei Xu
32566e07da8ae95325238eea068ed8c7fe01578a,Xing Xie
491d4e2f0449f1dfd377a8936f2ccb01a17e6f56,Alexandra Vultureanu-Albişi
491d4e2f0449f1dfd377a8936f2ccb01a17e6f56,C. Bǎdicǎ
0cfdd655100055f234fd23ebecd915504b8e00e3,Yunfan Gao
0cfdd655100055f234fd23ebecd915504b8e00e3,Tao Sheng
0cfdd655100055f234fd23ebecd915504b8e00e3,Youlin Xiang
0cfdd655100055f234fd23ebecd915504b8e00e3,Yun Xiong
0cfdd655100055f234fd23ebecd915504b8e00e3,Haofen Wang
0cfdd655100055f234fd23ebecd915504b8e00e3,Jiawei Zhang
c4318ad89e8fe85674c2f6e10fe2d2446b7c7578,Chun-Hua Tsai
c4318ad89e8fe85674c2f6e10fe2d2446b7c7578,Peter Brusilovsky
413a87342b5a7dfb1ba2877549aad80e338f89da,Yi Yu
413a87342b5a7dfb1ba2877549aad80e338f89da,Kazunari Sugiyama
413a87342b5a7dfb1ba2877549aad80e338f89da,Adam Jatowt
1aeb8cce292705824987983a20dd29584f722749,Hanqi Yan
1aeb8cce292705824987983a20dd29584f722749,Lin Gui
1aeb8cce292705824987983a20dd29584f722749,Menghan Wang
1aeb8cce292705824987983a20dd29584f722749,Kun Zhang
1aeb8cce292705824987983a20dd29584f722749,Yulan He
0f2d11ac3202997b914efafaedb56b564ff9d3a7,Luke Friedman
0f2d11ac3202997b914efafaedb56b564ff9d3a7,Sameer Ahuja
0f2d11ac3202997b914efafaedb56b564ff9d3a7,David Allen
0f2d11ac3202997b914efafaedb56b564ff9d3a7,Zhenning Tan
0f2d11ac3202997b914efafaedb56b564ff9d3a7,Hakim Sidahmed
0f2d11ac3202997b914efafaedb56b564ff9d3a7,Changbo Long
0f2d11ac3202997b914efafaedb56b564ff9d3a7,Jun Xie
0f2d11ac3202997b914efafaedb56b564ff9d3a7,Gabriel Schubiner
0f2d11ac3202997b914efafaedb56b564ff9d3a7,Ajay Patel
0f2d11ac3202997b914efafaedb56b564ff9d3a7,Harsh Lara
0f2d11ac3202997b914efafaedb56b564ff9d3a7,Brian Chu
0f2d11ac3202997b914efafaedb56b564ff9d3a7,Zexiang Chen
0f2d11ac3202997b914efafaedb56b564ff9d3a7,Manoj Tiwari
4cc1093e13fb03aa844e9d2e9d8793d9c10f9453,F. Costa
4cc1093e13fb03aa844e9d2e9d8793d9c10f9453,Peter Dolog
afbd4b202dcd599a6906bfc0dd219b5abbf9f0b8,Ziheng Chen
afbd4b202dcd599a6906bfc0dd219b5abbf9f0b8,Fabrizio Silvestri
afbd4b202dcd599a6906bfc0dd219b5abbf9f0b8,Jia Wang
afbd4b202dcd599a6906bfc0dd219b5abbf9f0b8,Yongfeng Zhang
afbd4b202dcd599a6906bfc0dd219b5abbf9f0b8,Gabriele Tolomei
56cbac15c07f6a52b0bdd59c1d2f968aaea52395,Alexander Felfernig
56cbac15c07f6a52b0bdd59c1d2f968aaea52395,Manfred Wundara
56cbac15c07f6a52b0bdd59c1d2f968aaea52395,Thi Ngoc Trang Tran
56cbac15c07f6a52b0bdd59c1d2f968aaea52395,Seda Polat-Erdeniz
56cbac15c07f6a52b0bdd59c1d2f968aaea52395,Sebastian Lubos
56cbac15c07f6a52b0bdd59c1d2f968aaea52395,Merfat El Mansi
56cbac15c07f6a52b0bdd59c1d2f968aaea52395,Damian Garber
56cbac15c07f6a52b0bdd59c1d2f968aaea52395,Viet-Man Le
f6e936ee147639b3d694e076896ea6756fcc399e,Mouadh Guesmi
f6e936ee147639b3d694e076896ea6756fcc399e,Mohamed Amine Chatti
f6e936ee147639b3d694e076896ea6756fcc399e,Shoeb Joarder
f6e936ee147639b3d694e076896ea6756fcc399e,Qurat Ul Ain
f6e936ee147639b3d694e076896ea6756fcc399e,R. Alatrash
f6e936ee147639b3d694e076896ea6756fcc399e,Clara Siepmann
f6e936ee147639b3d694e076896ea6756fcc399e,Tannaz Vahidi
b20c87e2925a81f57d9c913423e9e74c14de5341,Yingqiang Ge
b20c87e2925a81f57d9c913423e9e74c14de5341,Shuchang Liu
b20c87e2925a81f57d9c913423e9e74c14de5341,Zuohui Fu
b20c87e2925a81f57d9c913423e9e74c14de5341,Juntao Tan
b20c87e2925a81f57d9c913423e9e74c14de5341,Zelong Li
b20c87e2925a81f57d9c913423e9e74c14de5341,Shuyuan Xu
b20c87e2925a81f57d9c913423e9e74c14de5341,Yunqi Li
b20c87e2925a81f57d9c913423e9e74c14de5341,Yikun Xian
b20c87e2925a81f57d9c913423e9e74c14de5341,Yongfeng Zhang
41f052ccaa811731f68f0abbef2c8a978a374f83,Giacomo Balloccu
41f052ccaa811731f68f0abbef2c8a978a374f83,Ludovico Boratto
41f052ccaa811731f68f0abbef2c8a978a374f83,G. Fenu
41f052ccaa811731f68f0abbef2c8a978a374f83,Mirko Marras
d39b71bd3bcf53e12129323f8521f25ed604efab,Alexandra Vultureanu-Albişi
d39b71bd3bcf53e12129323f8521f25ed604efab,C. Bǎdicǎ
d4bec7afedeb15bd1a3b45e369a86c8eeebbe384,Qurat Ul Ain
d4bec7afedeb15bd1a3b45e369a86c8eeebbe384,Mohamed Anime Chati
d4bec7afedeb15bd1a3b45e369a86c8eeebbe384,Mouadh Guesmi
d4bec7afedeb15bd1a3b45e369a86c8eeebbe384,Shoeb Joarder
f6e64ef1094c9a6d546ca05b431556521d38b689,Sruthi Viswanathan
f6e64ef1094c9a6d546ca05b431556521d38b689,Fabien Guillot
f6e64ef1094c9a6d546ca05b431556521d38b689,Minsuk Chang
f6e64ef1094c9a6d546ca05b431556521d38b689,A. Grasso
f6e64ef1094c9a6d546ca05b431556521d38b689,J. Renders
9ef432c5432c98587af495b819a594f1c4989711,Merhrdad Rostami
9ef432c5432c98587af495b819a594f1c4989711,Vahid Farahi
9ef432c5432c98587af495b819a594f1c4989711,K. Berahmand
9ef432c5432c98587af495b819a594f1c4989711,Saman Forouzandeh
9ef432c5432c98587af495b819a594f1c4989711,S. Ahmadian
9ef432c5432c98587af495b819a594f1c4989711,M. Oussalah
4da28c66713a5038114911b387b549b7ce9e0090,Qiyao Peng
4da28c66713a5038114911b387b549b7ce9e0090,Hongtao Liu
4da28c66713a5038114911b387b549b7ce9e0090,Hua Huang
4da28c66713a5038114911b387b549b7ce9e0090,Qing Yang
4da28c66713a5038114911b387b549b7ce9e0090,Minglai Shao
960f194d1b129843de4a99c5eea5a535f142fcef,Y. Lin
960f194d1b129843de4a99c5eea5a535f142fcef,Yong Liu
960f194d1b129843de4a99c5eea5a535f142fcef,Fan Lin
960f194d1b129843de4a99c5eea5a535f142fcef,Lixin Zou
960f194d1b129843de4a99c5eea5a535f142fcef,Pengcheng Wu
960f194d1b129843de4a99c5eea5a535f142fcef,Wenhua Zeng
960f194d1b129843de4a99c5eea5a535f142fcef,Huanhuan Chen
960f194d1b129843de4a99c5eea5a535f142fcef,C. Miao
e77ca077480349e8f8cb2a12c9e64e724b4001bd,Yao Zhou
e77ca077480349e8f8cb2a12c9e64e724b4001bd,Haonan Wang
e77ca077480349e8f8cb2a12c9e64e724b4001bd,Jingrui He
e77ca077480349e8f8cb2a12c9e64e724b4001bd,Haixun Wang
baf0bc1609a866c226e8ec8cbefbf399ca489910,Diana C. Hernandez-Bocanegra
baf0bc1609a866c226e8ec8cbefbf399ca489910,J. Ziegler
3986307b4a015ad4f6eac004d28e3bf4c77480db,Özlem Turgut
3986307b4a015ad4f6eac004d28e3bf4c77480db,Ibrahim Kok
3986307b4a015ad4f6eac004d28e3bf4c77480db,Suat Özdemi̇r
596be14ea711f225964cf760d3f7453be433c057,Surendra Kumar
596be14ea711f225964cf760d3f7453be433c057,Mohit Kumar
938a96df8752749057746741fc7f40986d275bf8,Syed Imran Ertaza
938a96df8752749057746741fc7f40986d275bf8,SK Alamgir Hossain
7a5f710d7ace5aaa60fd92dceab13875a0f83d81,Mugi Praseptiawan
7a5f710d7ace5aaa60fd92dceab13875a0f83d81,M. F. D. Muchtarom
7a5f710d7ace5aaa60fd92dceab13875a0f83d81,Nabila Muthia Putri
7a5f710d7ace5aaa60fd92dceab13875a0f83d81,A. N. C. Pee
7a5f710d7ace5aaa60fd92dceab13875a0f83d81,Mohd Hafiz Zakaria
7a5f710d7ace5aaa60fd92dceab13875a0f83d81,M. C. Untoro
15fb60600202fe4a9baf1f6f6dfbdee373e30fe6,Nils Ole Breuer
ea21bfa00ed7718a774334e33edd9f5187e09e5f,Anna Dalla Vecchia
ea21bfa00ed7718a774334e33edd9f5187e09e5f,Barbara Oliboni
ea21bfa00ed7718a774334e33edd9f5187e09e5f,Elisa Quintarelli
edd867ee721a0e91cc0311235b29a295ebb256b2,Jianing Xi
edd867ee721a0e91cc0311235b29a295ebb256b2,Daniel X M Wang
edd867ee721a0e91cc0311235b29a295ebb256b2,Xuebing Yang
edd867ee721a0e91cc0311235b29a295ebb256b2,Wensheng Zhang
edd867ee721a0e91cc0311235b29a295ebb256b2,Qinghua Huang
5ef74f7db4d5643ea87e931a6b4d00afb3c26d5e,Yaganteeswarudu Akkem
5ef74f7db4d5643ea87e931a6b4d00afb3c26d5e,S. K. Biswas
5ef74f7db4d5643ea87e931a6b4d00afb3c26d5e,Aruna Varanasi
a5cfbc209e3387b5e5c9956f347f7d0cbcc2de42,Moduguri Karthik
a5cfbc209e3387b5e5c9956f347f7d0cbcc2de42,Ankenapalle Nandini
a5cfbc209e3387b5e5c9956f347f7d0cbcc2de42,Pochamreddy Venkata Vedha
a5cfbc209e3387b5e5c9956f347f7d0cbcc2de42,A. Raaga Latha
a5cfbc209e3387b5e5c9956f347f7d0cbcc2de42,Balaji K V
a5cfbc209e3387b5e5c9956f347f7d0cbcc2de42,Akey Sungheetha
bae1214526f2dc712546fa4b887683bc0baafa3f,P. Velvizhy
bae1214526f2dc712546fa4b887683bc0baafa3f,Pavishek Tv
bae1214526f2dc712546fa4b887683bc0baafa3f,V. A
bae1214526f2dc712546fa4b887683bc0baafa3f,Naveen Kumar T
bae1214526f2dc712546fa4b887683bc0baafa3f,Sharath J
bae1214526f2dc712546fa4b887683bc0baafa3f,Matan P
3c97967c62cffe70d3880c03d05917596a7f59a1,Tasleem Nizam
3c97967c62cffe70d3880c03d05917596a7f59a1,Sherin Zafar
3c97967c62cffe70d3880c03d05917596a7f59a1,S. Biswas
3c97967c62cffe70d3880c03d05917596a7f59a1,Imran Hussain
d4dc21b3d90eb75474a3d19b123ca08e067484ec,A. Apoorva
d4dc21b3d90eb75474a3d19b123ca08e067484ec,Farha Afreen I
d4dc21b3d90eb75474a3d19b123ca08e067484ec,E. Suganya
d206a64c96e72f06c7178b029e4c45febfaaf548,Jiawei Li
d206a64c96e72f06c7178b029e4c45febfaaf548,Qianru Lyu
d206a64c96e72f06c7178b029e4c45febfaaf548,Wei Qiu
d206a64c96e72f06c7178b029e4c45febfaaf548,Andy W. H. Khong
a617f4d620192b8c1ae64876f6c1a8d2fffdf1f4,S. Shenbagavadivu
a617f4d620192b8c1ae64876f6c1a8d2fffdf1f4,M. Senthil Kumar
567816e81dc457e982147f2ca44b771070e1380c,C. Arvind
567816e81dc457e982147f2ca44b771070e1380c,Aditi Totla
567816e81dc457e982147f2ca44b771070e1380c,Tanisha Jain
567816e81dc457e982147f2ca44b771070e1380c,Nandini Sinha
567816e81dc457e982147f2ca44b771070e1380c,R. Jyothi
567816e81dc457e982147f2ca44b771070e1380c,K. Aditya
567816e81dc457e982147f2ca44b771070e1380c,Keerthan
567816e81dc457e982147f2ca44b771070e1380c,Mohammed Farhan
567816e81dc457e982147f2ca44b771070e1380c,G. Sumukh
567816e81dc457e982147f2ca44b771070e1380c,Guruprasad Ak
328e83f14b3258eef00605b086a335e663a17bd7,Andrea Cartolano
328e83f14b3258eef00605b086a335e663a17bd7,Alfredo Cuzzocrea
328e83f14b3258eef00605b086a335e663a17bd7,Giovanni Pilato
9784066a2acf67fcb3aa4eecddfe02415dec8c20,Malay Sarkar
1d4acddc281471cc1f363c9d1f402d19e7ded77a,Regina de Brito Duarte
1d4acddc281471cc1f363c9d1f402d19e7ded77a,Filipa Correia
1d4acddc281471cc1f363c9d1f402d19e7ded77a,P. Arriaga
1d4acddc281471cc1f363c9d1f402d19e7ded77a,Ana Paiva
65076655c75c7f9664841817a3e8db3fb1421705,J. Beinecke
65076655c75c7f9664841817a3e8db3fb1421705,Anna Saranti
65076655c75c7f9664841817a3e8db3fb1421705,Alessa Angerschmid
65076655c75c7f9664841817a3e8db3fb1421705,B. Pfeifer
65076655c75c7f9664841817a3e8db3fb1421705,Vanessa Klemt
65076655c75c7f9664841817a3e8db3fb1421705,Andreas Holzinger
65076655c75c7f9664841817a3e8db3fb1421705,Anne-Christin Hauschild
576844456ba24457771ad4dbfe0f9c41ca94dbb5,M. Nagendran
576844456ba24457771ad4dbfe0f9c41ca94dbb5,Paul Festor
576844456ba24457771ad4dbfe0f9c41ca94dbb5,Matthieu Komorowski
576844456ba24457771ad4dbfe0f9c41ca94dbb5,Anthony C. Gordon
576844456ba24457771ad4dbfe0f9c41ca94dbb5,A. A. Faisal
b768705712fe81c7b4bef94dce957552361b82f6,E. Kyrimi
b768705712fe81c7b4bef94dce957552361b82f6,Scott McLachlan
b768705712fe81c7b4bef94dce957552361b82f6,Jared M. Wohlgemut
b768705712fe81c7b4bef94dce957552361b82f6,Zane Perkins
b768705712fe81c7b4bef94dce957552361b82f6,D. Lagnado
b768705712fe81c7b4bef94dce957552361b82f6,William Marsh
b768705712fe81c7b4bef94dce957552361b82f6,ExAIDSS Expert Group
f203ca98725217c2df8b429bf33289a24f59f807,Tauqeer Akhtar
b451f6dde2e4b9b6d72b892a4768228c577ec4ac,Alicia Vidler
fde09ebed89633eaed16c857147bb2123c77d58a,Changdong Chen
fde09ebed89633eaed16c857147bb2123c77d58a,Allen Ding Tian
fde09ebed89633eaed16c857147bb2123c77d58a,Ruochen Jiang
88bd41850a54c95e4b35a58f3f11ea4053a33bd2,Parvathy P Nair
88bd41850a54c95e4b35a58f3f11ea4053a33bd2,Surabhi Sudhan
88bd41850a54c95e4b35a58f3f11ea4053a33bd2,M. Thushara
ea76dce92072b9c84d22d94460e91e8d14b4b72c,Zhichao Xu
ea76dce92072b9c84d22d94460e91e8d14b4b72c,Hansi Zeng
ea76dce92072b9c84d22d94460e91e8d14b4b72c,Juntao Tan
ea76dce92072b9c84d22d94460e91e8d14b4b72c,Zuohui Fu
ea76dce92072b9c84d22d94460e91e8d14b4b72c,Yongfeng Zhang
ea76dce92072b9c84d22d94460e91e8d14b4b72c,Qingyao Ai
b4151feb1dd2f06888027a6db96369cf0b483bd9,Joel Mathew
b4151feb1dd2f06888027a6db96369cf0b483bd9,Richie Suresh Koshy
b4151feb1dd2f06888027a6db96369cf0b483bd9,Dr. R. Chitra
b4151feb1dd2f06888027a6db96369cf0b483bd9,Caleb Stephen
62635461b44d9ff7901fbce982a5c1bbccfaf2b0,Feiyu Xu
62635461b44d9ff7901fbce982a5c1bbccfaf2b0,H. Uszkoreit
62635461b44d9ff7901fbce982a5c1bbccfaf2b0,Yangzhou Du
62635461b44d9ff7901fbce982a5c1bbccfaf2b0,Wei Fan
62635461b44d9ff7901fbce982a5c1bbccfaf2b0,Dongyan Zhao
62635461b44d9ff7901fbce982a5c1bbccfaf2b0,Jun Zhu
173ee66ebf96b6767aa1999bc4310dc7c39d40f0,Andrea Cartolano
173ee66ebf96b6767aa1999bc4310dc7c39d40f0,A. Cuzzocrea
173ee66ebf96b6767aa1999bc4310dc7c39d40f0,G. Pilato
173ee66ebf96b6767aa1999bc4310dc7c39d40f0,G. Grasso
ea590185f9661c311f28b9b71d6902e6ca651a2a,Sukanth Korkanti
230de5e607efa30416bab29db654f9e14415b6ad,Ehesan Maimaitijiang
230de5e607efa30416bab29db654f9e14415b6ad,Muyesaier Aihaiti
230de5e607efa30416bab29db654f9e14415b6ad,Yasin Mamatjan
f9f4cdb0ff91640d0fb28025e91b89758010da74,Gabriel Marín Díaz
f9f4cdb0ff91640d0fb28025e91b89758010da74,Raquel Gómez Medina
f9f4cdb0ff91640d0fb28025e91b89758010da74,José Alberto Aijón Jiménez
77c014c618465a90e00db4347eb04ce6d5f1dbf3,Kitty Kioskli
77c014c618465a90e00db4347eb04ce6d5f1dbf3,Antonios Ramfos
77c014c618465a90e00db4347eb04ce6d5f1dbf3,Steve Taylor
77c014c618465a90e00db4347eb04ce6d5f1dbf3,Leandros A. Maglaras
77c014c618465a90e00db4347eb04ce6d5f1dbf3,Ricardo Lugo
77a09effafd8dcdfe44a709f51c12e86992e6cce,Chumki Sil
77a09effafd8dcdfe44a709f51c12e86992e6cce,Dr. Papri Ghosh
77a09effafd8dcdfe44a709f51c12e86992e6cce,Subhram Das
77a09effafd8dcdfe44a709f51c12e86992e6cce,Md Ashifuddin Mondal
01dedd96bd2d696e3d93582438f5e44a174064bd,Kyosuke Takami
01dedd96bd2d696e3d93582438f5e44a174064bd,B. Flanagan
01dedd96bd2d696e3d93582438f5e44a174064bd,Yiling Dai
01dedd96bd2d696e3d93582438f5e44a174064bd,Hiroaki Ogata
8dd0727601d40d437a182f05548da563ac60d4b3,Yingqiang Ge
8dd0727601d40d437a182f05548da563ac60d4b3,Juntao Tan
8dd0727601d40d437a182f05548da563ac60d4b3,Yangchun Zhu
8dd0727601d40d437a182f05548da563ac60d4b3,Yinglong Xia
8dd0727601d40d437a182f05548da563ac60d4b3,Jiebo Luo
8dd0727601d40d437a182f05548da563ac60d4b3,Shuchang Liu
8dd0727601d40d437a182f05548da563ac60d4b3,Zuohui Fu
8dd0727601d40d437a182f05548da563ac60d4b3,Shijie Geng
8dd0727601d40d437a182f05548da563ac60d4b3,Zelong Li
8dd0727601d40d437a182f05548da563ac60d4b3,Yongfeng Zhang
42bfda85ef5e2baf171fce33523e7923f80ba827,Zhichao Xu
42bfda85ef5e2baf171fce33523e7923f80ba827,Yi Han
42bfda85ef5e2baf171fce33523e7923f80ba827,Tao Yang
42bfda85ef5e2baf171fce33523e7923f80ba827,Anh Tran
42bfda85ef5e2baf171fce33523e7923f80ba827,Qingyao Ai
d9ec78a71231900b76b33472937db53189247953,Francisco Jos�Garc韆-Pe馻lvo
d9ec78a71231900b76b33472937db53189247953,Andrea V醶quez-Ingelmo
d9ec78a71231900b76b33472937db53189247953,Alicia Garc韆-Holgado
e632f1191b3c261cdae48698c97eb2e9a5a45c78,Mohammad Naiseh
e632f1191b3c261cdae48698c97eb2e9a5a45c78,Dena Al-Thani
e632f1191b3c261cdae48698c97eb2e9a5a45c78,Nan Jiang
e632f1191b3c261cdae48698c97eb2e9a5a45c78,Raian Ali
a88055f98ea9d5171e8c32ca3199cececf772fdc,Kalyan Chakravarthy N S
a88055f98ea9d5171e8c32ca3199cececf772fdc,Muthuramya C
a88055f98ea9d5171e8c32ca3199cececf772fdc,Soujanya M
a88055f98ea9d5171e8c32ca3199cececf772fdc,Jafar Ali Ibrahim Syed Masood
a88055f98ea9d5171e8c32ca3199cececf772fdc,Raenu A. L. Kolandaisamy
8eac5a4671f8e797e1f7abfae2be4e6c6c99e2bd,Sadi Alawadi
8eac5a4671f8e797e1f7abfae2be4e6c6c99e2bd,Feras M. Awaysheh
8eac5a4671f8e797e1f7abfae2be4e6c6c99e2bd,Thambugala Athukoralalage Jayani Sandunka Athukorala
8eac5a4671f8e797e1f7abfae2be4e6c6c99e2bd,Saket Gande
8eac5a4671f8e797e1f7abfae2be4e6c6c99e2bd,Fahed Alkhabbas
e978c8f33e75917be10447c8c889983755012cc6,Jayabhaduri Radhakrishnan
e978c8f33e75917be10447c8c889983755012cc6,H. Naga
e978c8f33e75917be10447c8c889983755012cc6,R. G. Vardhan
e978c8f33e75917be10447c8c889983755012cc6,Akey Sungheetha
e978c8f33e75917be10447c8c889983755012cc6,K. Dinesh
e978c8f33e75917be10447c8c889983755012cc6,"K.Indu Reddy,"
e978c8f33e75917be10447c8c889983755012cc6,K. D. Kumar
e978c8f33e75917be10447c8c889983755012cc6,B. C. Reddy
af92abaa9460d414559982b07d37ddc582654d6c,G. Duwe
af92abaa9460d414559982b07d37ddc582654d6c,D. Mercier
af92abaa9460d414559982b07d37ddc582654d6c,V. Kauth
af92abaa9460d414559982b07d37ddc582654d6c,K. Moench
af92abaa9460d414559982b07d37ddc582654d6c,Vikas Rajashekar
af92abaa9460d414559982b07d37ddc582654d6c,Markus Junker
af92abaa9460d414559982b07d37ddc582654d6c,A. Dengel
af92abaa9460d414559982b07d37ddc582654d6c,A. Haferkamp
af92abaa9460d414559982b07d37ddc582654d6c,T. Höfner
71a2503540229315188d53acd4b2bb1e2f61242c,Vinicius Segura
71a2503540229315188d53acd4b2bb1e2f61242c,Bruna Brandão
71a2503540229315188d53acd4b2bb1e2f61242c,Ana Fucs
71a2503540229315188d53acd4b2bb1e2f61242c,E. V. Brazil
e42b9cf5367c882381746dac1767ee747a97217a,Ankur Aggarwal
eccaae7d657b436a44c0c2a5693c591454b16c98,Rune Nyrup
5c8aec51a60d078b526a55e5b941984ef5111184,Satyanarayana Murthy Polisetty
a65b027ff2a70c336f1abbb164ec4bb8f8e5c670,H. N
a65b027ff2a70c336f1abbb164ec4bb8f8e5c670,Kavitha S
a65b027ff2a70c336f1abbb164ec4bb8f8e5c670,Surya Prakash G
a65b027ff2a70c336f1abbb164ec4bb8f8e5c670,Sandhiya G
